name,email,phone,address,pan_number,account_number
fdj,fd@gmail.com,,d,fd,17293874035
name,email,phone,address,pan_number,account_number
fdlk,fl@gmail.com,fld,fdl,79467168918
name,email,phone,address,pan_number,account_number
sheetal,sheetal@gmail.com,fldk,fdl,53686875929
name,email,phone,address,pan_number,account_number
hello,hello@gmail.com,ldfkj,dflj,3637335749
name,email,phone,address,pan_number,account_number
fld,fld@gmail.com,fls,fdl,56655942565
name,email,phone,address,pan_number,account_number
fdlk,fdlk@gmail.com,dklf,fld,3509890235
name,email,phone,address,pan_number,account_number
hello,hello@gmail.com,fl,ld,75668996361
name,email,phone,address,pan_number,account_number
akshada,akshu@gmail.com,ldf,dl,78123965385
name,email,phone,address,pan_number,account_number
radheshree,radhe@gmail.com,fdkl,fl,62144042711
